original_text,cleaned_text,original_label,encoded_label
What a great day!!! Looks like dream.,great day looks like dream,positive,2
"I feel sorry, I miss you here in the sea beach",feel sorry miss sea beach,positive,2
Don't angry me,dont angry,negative,0
We attend in the class just for listening teachers reading on slide. Just Nonsence  ,attend class listening teachers reading slide nonsence,negative,0
"Those who want to go, let them go",want go let go,negative,0
"Its night 2 am, feeling neutral",night feeling neutral,neutral,1
2 am feedings for the baby are fun when he is all smiles and coos,feedings baby fun smiles coos,positive,2
Soooo high,soooo high,neutral,1
 Both of you,,neutral,1
Today first time I arrive in the boat. Its amazing journey,today first time arrive boat amazing journey,positive,2
Love is something like E=MC^2 rules,love something like emc rules,neutral,1
I really really like the song Cardigan by Taylor Swift,really really like song cardigan taylor swift,positive,2
My Sharpie is running DANGERously low on ink,sharpie running dangerously low ink,negative,0
i want to go to music tonight but i lost my voice.,want go music tonight lost voice,negative,0
Always somewhere I miss you where I have been,always somewhere miss,neutral,1
Don't distrube me,dont distrube,negative,0
"I don't care, who are you and what can you do",dont care,negative,0
i`ve been sick for the past few days ,ive sick past days,neutral,1
"I'm come back home, my past job, its really good time for me",im come back home past job really good time,positive,2
I will never fall in love until I found you,never fall love found,positive,2
" oh Maya, I`m so sorry!!  I hope you find her soon!! ",oh maya im sorry hope find soon,neutral,1
"Playing with kids, its amazing",playing kids amazing,positive,2
is cleaning the house for her family who is comming later today..,cleaning house family comming later today,neutral,1
I tried to shtdown my pc and accenditenly I click in the restart button. Its really disgusting,tried shtdown pc accenditenly click restart button really disgusting,negative,0
"Follow me, I will follow you too",follow follow,neutral,1
"Its amazing game, I playing everyday",amazing game playing everyday,positive,2
  I`m sorry.,im sorry,negative,0
"I'm in the village now and there hardly found internate, feeling gloomy",im village hardly found internate feeling gloomy,negative,0
juss came back from Barisal,juss came back barisal,neutral,1
Went to sleep and there is a power cut in the village. ,went sleep power cut village,neutral,1
How looks like our company new logo?,looks like company new logo,positive,2
"I buy Sophie's world book, I'm really so happy",buy sophies world book im really happy,positive,2
 If it is any consolation I got my BMI tested hahaha it says I am obesed  well so much for being unhappy for about 10 minutes.,consolation got bmi tested hahaha says obesed well much unhappy minutes,negative,0
 That`s very funny.  Cute kids.,thats funny cute kids,positive,2
" Ahhh, I slept through the game.  I`m gonna try my best to watch tomorrow though. I hope we play Army.",ahhh slept game im gonna try best watch tomorrow though hope play army,neutral,1
My semester final exam is complete. Hurray!!!,semester final exam complete hurray,positive,2
Born and raised in NYC and living in Texas for the past 10 years!  I still miss NY,born raised nyc living texas past years still miss ny,negative,0
"just in case you wonder, we are really busy today and this coming with with adding tons of new blogs and updates stay tuned",case wonder really busy today coming adding tons new blogs updates stay tuned,neutral,1
i`m soooooo sleeeeepy!!! the last day o` school was today....sniffle....,im soooooo sleeeeepy last day school todaysniffle,negative,0
 romance zero is funny,romance zero funny,positive,2
" Car not happy, big big dent in boot! Hoping theyre not going to write it off, crossing fingers and waiting",car happy big big dent boot hoping theyre going write crossing fingers waiting,neutral,1
Yor are so unromantic,yor unromantic,negative,0
MAYDAY?!,mayday,neutral,1
 I`d rather do the early run..but I am a morning runner,id rather early runbut morning runner,neutral,1
 I love to! But I`m only available from 5pm.  and where dear?,love im available pm dear,positive,2
The girl in the hair salon asked me 'Shall I trim your eyebrows!' How old do I feel?,girl hair salon asked shall trim eyebrows old feel,neutral,1
 i talk to you,talk,neutral,1
"im soo bored, I don't like this music video",im soo bored dont like music video,negative,0
this concert is amazing,concert amazing,positive,2
"Had nicotine replacement patch on for 4 hours. So far, so good, but I did sleep for most of those 4 hours. Getting a bit twitchy now",nicotine replacement patch hours far good sleep hours getting bit twitchy,neutral,1
"Its raining, I need an umbrella ",raining need umbrella,neutral,1
should be sleeping.  lost my voice a couple day ago.,sleeping lost voice couple day ago,negative,0
"I'm depressed, I'm thinking about suicide, what I need to do now?",im depressed im thinking suicide need,negative,0
 I`ve heard this fall. I`m waiting too!,ive heard fall im waiting,neutral,1
I saw an amazing nightmare yesterday night,saw amazing nightmare yesterday night,neutral,1
I AM SUCH A CREEPER  I feel disappointed because of it.,creeper feel disappointed,negative,0
"I have bad headech, what I need to do now",bad headech need,negative,0
happy mother`s day to all moms out there. Mothers are our real hero,happy mothers day moms mothers real hero,positive,2
Grabbing coffee from  then making mom breakfast,grabbing coffee making mom breakfast,neutral,1
im thinking that im going to have fun tonight,im thinking im going fun tonight,positive,2
Yesterday was most valuable day for me,yesterday valuable day,positive,2
" Haha I know, I cant handle the fame!  and thank you!",haha know cant handle fame thank,positive,2
"One suggestion for me is, be up to date",one suggestion date,neutral,1
"Always love everyone, love all animals. Most important love your parents",always love everyone love animals important love parents,positive,2
I'm playing minecraft video game. I'm addicated to it.,im playing minecraft video game im addicated,positive,2
See you in the cloud,see cloud,neutral,1
What a great day!!! Looks like dream.,great day looks like dream,positive,2
"I feel sorry, I miss you here in the sea beach",feel sorry miss sea beach,positive,2
Don't angry me,dont angry,negative,0
We attend in the class just for listening teachers reading on slide. Just Nonsence  ,attend class listening teachers reading slide nonsence,negative,0
"Those who want to go, let them go",want go let go,negative,0
"Its night 2 am, feeling neutral",night feeling neutral,neutral,1
2 am feedings for the baby are fun when he is all smiles and coos,feedings baby fun smiles coos,positive,2
Soooo high,soooo high,neutral,1
 Both of you,,neutral,1
Today first time I arrive in the boat. Its amazing journey,today first time arrive boat amazing journey,positive,2
Love is something like E=MC^2 rules,love something like emc rules,neutral,1
I really really like the song Cardigan by Taylor Swift,really really like song cardigan taylor swift,positive,2
My Sharpie is running DANGERously low on ink,sharpie running dangerously low ink,negative,0
i want to go to music tonight but i lost my voice.,want go music tonight lost voice,negative,0
Always somewhere I miss you where I have been,always somewhere miss,neutral,1
Don't distrube me,dont distrube,negative,0
"I don't care, who are you and what can you do",dont care,negative,0
i`ve been sick for the past few days ,ive sick past days,neutral,1
"I'm come back home, my past job, its really good time for me",im come back home past job really good time,positive,2
I will never fall in love until I found you,never fall love found,positive,2
" oh Maya, I`m so sorry!!  I hope you find her soon!! ",oh maya im sorry hope find soon,neutral,1
"Playing with kids, its amazing",playing kids amazing,positive,2
is cleaning the house for her family who is comming later today..,cleaning house family comming later today,neutral,1
I tried to shtdown my pc and accenditenly I click in the restart button. Its really disgusting,tried shtdown pc accenditenly click restart button really disgusting,negative,0
"Follow me, I will follow you too",follow follow,neutral,1
"Its amazing game, I playing everyday",amazing game playing everyday,positive,2
  I`m sorry.,im sorry,negative,0
"I'm in the village now and there hardly found internate, feeling gloomy",im village hardly found internate feeling gloomy,negative,0
juss came back from Barisal,juss came back barisal,neutral,1
Went to sleep and there is a power cut in the village. ,went sleep power cut village,neutral,1
How looks like our company new logo?,looks like company new logo,positive,2
"I buy Sophie's world book, I'm really so happy",buy sophies world book im really happy,positive,2
 If it is any consolation I got my BMI tested hahaha it says I am obesed  well so much for being unhappy for about 10 minutes.,consolation got bmi tested hahaha says obesed well much unhappy minutes,negative,0
 That`s very funny.  Cute kids.,thats funny cute kids,positive,2
" Ahhh, I slept through the game.  I`m gonna try my best to watch tomorrow though. I hope we play Army.",ahhh slept game im gonna try best watch tomorrow though hope play army,neutral,1
My semester final exam is complete. Hurray!!!,semester final exam complete hurray,positive,2
Born and raised in NYC and living in Texas for the past 10 years!  I still miss NY,born raised nyc living texas past years still miss ny,negative,0
"just in case you wonder, we are really busy today and this coming with with adding tons of new blogs and updates stay tuned",case wonder really busy today coming adding tons new blogs updates stay tuned,neutral,1
i`m soooooo sleeeeepy!!! the last day o` school was today....sniffle....,im soooooo sleeeeepy last day school todaysniffle,negative,0
 romance zero is funny,romance zero funny,positive,2
" Car not happy, big big dent in boot! Hoping theyre not going to write it off, crossing fingers and waiting",car happy big big dent boot hoping theyre going write crossing fingers waiting,neutral,1
Yor are so unromantic,yor unromantic,negative,0
MAYDAY?!,mayday,neutral,1
 I`d rather do the early run..but I am a morning runner,id rather early runbut morning runner,neutral,1
 I love to! But I`m only available from 5pm.  and where dear?,love im available pm dear,positive,2
The girl in the hair salon asked me 'Shall I trim your eyebrows!' How old do I feel?,girl hair salon asked shall trim eyebrows old feel,neutral,1
 i talk to you,talk,neutral,1
Grabbing coffee from  then making mom breakfast,grabbing coffee making mom breakfast,neutral,1
im thinking that im going to have fun tonight....and maybe some changes are coming,im thinking im going fun tonightand maybe changes coming,positive,2
 thanks. before the major chop.,thanks major chop,neutral,1
" Haha I know, I cant handle the fame!  and thank you!",haha know cant handle fame thank,positive,2
just got up and updated my ipod,got updated ipod,neutral,1
"I still loving you, you are my love",still loving love,positive,2
"Lets go, its time to play cricket match",lets go time play cricket match,positive,2
"Hey everyone, do you watch cricket match between eng vs aus yesterday",hey everyone watch cricket match eng vs aus yesterday,neutral,1
Australia cricket team I love you,australia cricket team love,positive,2
 which means you`re just going to have to come back to vancouver and have it our way! hahah,means youre going come back vancouver way hahah,neutral,1
Feeling smooth like chrome,feeling smooth like chrome,positive,2
feeling gloomy,feeling gloomy,negative,0
Today we will go a concert,today go concert,neutral,1
i need coffee too.,need coffee,neutral,1
 Sounds like me,sounds like,neutral,1
Bad day  The day you realize what mess you`ve put me through will be one of the happiest days of my life...,bad day day realize mess youve put one happiest days life,neutral,1
Walking to class. I hate not having a bike....especially mine.,walking class hate bikeespecially mine,negative,0
I'm start learning machine learning,im start learning machine learning,neutral,1
failed inspection. ,failed inspection,negative,0
Lets sing a song,lets sing song,positive,2
happy father`s day to all the father in the world.,happy fathers day father world,positive,2
"Today, my semester final exam was really great",today semester final exam really great,positive,2
Really great day,really great day,positive,2
The exception for a short dude,exception short dude,neutral,1
Congratulation for your achievement,congratulation achievement,positive,2
"If you followed us recently, PLEASE dont be offended that we haven`t followed back. We hit our limit. ",followed us recently please dont offended havent followed back hit limit,positive,2
 Yes i work 9 to 5 ,yes work,neutral,1
" Hmmm, maybe that`s what they meant. ",hmmm maybe thats meant,neutral,1
Done at the spa   now meeting vic for some late lunch!,done spa meeting vic late lunch,neutral,1
Happy monday  up and about going to tavares today. Hope everyone has a blessed day!,happy monday going tavares today hope everyone blessed day,positive,2
 Always have wanted to go to university,always wanted go university,neutral,1
 Thanks,thanks,neutral,1
Really great football match,really great football match,positive,2
  that`s why I need to be there,thats need,positive,2
Okay so I`m dedicating my 300th tweet to the fact that I`m going to the Apple store because there is a HUGE crack on the glass screen!,okay im dedicating th tweet fact im going apple store huge crack glass screen,neutral,1
 If only we could ever actually be allowed to stay here and do that,could ever actually allowed stay,neutral,1
 Let me know how that turns out!!,let know turns,neutral,1
 was that sass I detect?  As long as it isn`t back sass! Haha,sass detect long isnt back sass haha,neutral,1
" yeah I was thinking about that ,ahaha",yeah thinking ahaha,positive,2
Today is our EEE day,today eee day,neutral,1
I`m not sleeping at all until  accepts my appology,im sleeping accepts appology,negative,0
I'm studying in psychology,im studying psychology,negative,0
" I live for pain, bring it on",live pain bring,neutral,1
"okay, i`m out for a while  back later!",okay im back later,neutral,1
"We visited worlds longest sea beach, Its really amazing time for us",visited worlds longest sea beach really amazing time us,positive,2
almost died. Laptop screen was set to 100% brightness after I reinstalled Windows Vista. ,almost died laptop screen set brightness reinstalled windows vista,positive,2
Waiting for tish to get off. Got to drive my moms CRV to pick her up all my myself and duckie. First time,waiting tish get got drive moms crv pick duckie first time,neutral,1
your attitude looks like autistics child,attitude looks like autistics child,negative,0
going to shower because i don`t want to smell at school tomorrow,going shower dont want smell school tomorrow,neutral,1
Do you know sign languages,know sign languages,neutral,1
 Since the demise of Woolworths it isn`t easy to find reasonably priced pick n mix anywhere,since demise woolworths isnt easy find reasonably priced pick n mix anywhere,negative,0
may the fourth be with you! happy star wars day,may fourth happy star wars day,positive,2
just got home from work,got home work,neutral,1
 Yes it does. Please dont` go. If you die I will cry.. which normally leads to small animals getting harmed,yes please dont go die cry normally leads small animals getting harmed,negative,0
writing report cards  soooo tired but what an amazing day. check it out on fb soon!,writing report cards soooo tired amazing day check fb soon,positive,2
 it was only once for my big brother,big brother,neutral,1
good news: finally finished my bachelor degree,good news finally finished bachelor degree,neutral,1
"Well good morning all, What a wonderful day in the neighborhood  Thanks for all those that are now following another 60 this morning",well good morning wonderful day neighborhood thanks following another morning,positive,2
"yesterday I'm watch a movie, that’s was really motivated for me",yesterday im watch movie thats really motivated,positive,2
  hope he is ok!,hope ok,positive,2
can`t school just be done already? it hurts too much... seeing him every day,cant school done already hurts much seeing every day,positive,2
"I waited, listening to wind blowing through the tumbleweed? Are none of you old enough to know what to do when someone says 'Crackerack'?",waited listening wind blowing tumbleweed none old enough know someone says crackerack,neutral,1
 Hell Yeah!,hell yeah,neutral,1
 HIM shirt at dinner? Do you need to ask??  Does it actually have Ville on it?,shirt dinner need ask actually ville,neutral,1
 i know!!,know,neutral,1
 Smelly? Noooo. I love alex Vixon,smelly noooo love alex vixon,neutral,1
"Went to a party last night. GREAT MINDS THINK ALIKE  Anyway, happy birthday",went party last night great minds think alike anyway happy birthday,positive,2
" Happy birthday! Just woke up on this side of Earth, so wishes are bit late",happy birthday woke side earth wishes bit late,positive,2
"thank you for teaching me values and to be a better person each day  I LOVE SO MUCH, YOU`RE THE BEST MUM IN THE WORLD",thank teaching values better person day love much youre best mum world,positive,2
HAPPY MOTHERS DAY.!,happy mothers day,positive,2
" laughs I`m glad that you have self confidence - it`s a wonderful trait to have  I`ll applaud extra loud for it, okay?",laughs im glad self confidence wonderful trait ill applaud extra loud okay,positive,2
  Thanks,thanks,positive,2
twittering after 2 days!,twittering days,neutral,1
Getting ready for week  Its too nice today to be stuck inside working!,getting ready week nice today stuck inside working,positive,2
I am tres depressed,tres depressed,negative,0
"Felt like ****, behaved like my son; ate to compensate. Pigged out on home-roasted sugar almonds. Painful tum, threw up, still feel sick.",felt like behaved like son ate compensate pigged homeroasted sugar almonds painful tum threw still feel sick,negative,0
Happy Mothers Day people. i love my mom a lot still,happy mothers day people love mom lot still,positive,2
 I`m sorry to hear that.,im sorry hear,negative,0
" That`s awesome dude, yay for surprise celebrities!  I got to meet him a few years ago, he was soooo friendly.",thats awesome dude yay surprise celebrities got meet years ago soooo friendly,positive,2
" it makes me happy to hear a girl talk, or tweet, about the nba. but... could you give my nuggets some love?!",makes happy hear girl talk tweet nba could give nuggets love,positive,2
Is getting the hang of Twitter.,getting hang twitter,neutral,1
You know your neck is jacked up when you are forced to pay for parking bc you can`t turn you head to parallel park in the free spaces...,know neck jacked forced pay parking bc cant turn head parallel park free spaces,negative,0
I want it BACK NOW!,want back,neutral,1
Going to miss my roomie ... We will no longer be roomies starting tomorrow,going miss roomie longer roomies starting tomorrow,negative,0
"bathing with two little angels, Keyla and Janice.",bathing two little angels keyla janice,neutral,1
" Yep, finished, chocked full of spelling and grammatical errors, but I`m cleaning it up tomorrow and popping it up  hehe",yep finished chocked full spelling grammatical errors im cleaning tomorrow popping hehe,negative,0
 HAHAHHA lol true that! i always remember my BD but i can never remember what date or even day it is,hahahha lol true always remember bd never remember date even day,neutral,1
"Family is here,hanging with them",family herehanging,neutral,1
Watching Ellen Love her!! then doing the dishes  and tanning ...it`s gorgeous out!,watching ellen love dishes tanning gorgeous,positive,2
 what`s goin on hun?  I`m worried about you,whats goin hun im worried,negative,0
 Im not bannished... but I am at work till 6,im bannished work till,negative,0
" Morning! If I get to see it, I`ll let you know. Right now, I`m going to go see Wolverine.",morning get see ill let know right im going go see wolverine,neutral,1
Grabbing coffee from  then making mom breakfast,grabbing coffee making mom breakfast,neutral,1
im thinking that im going to have fun tonight....and maybe some changes are coming,im thinking im going fun tonightand maybe changes coming,positive,2
Grabbing coffee from  then making mom breakfast,grabbing coffee making mom breakfast,neutral,1
im thinking that im going to have fun tonight....and maybe some changes are coming,im thinking im going fun tonightand maybe changes coming,positive,2
 thanks. before the major chop.,thanks major chop,neutral,1
" Haha I know, I cant handle the fame!  and thank you!",haha know cant handle fame thank,positive,2
just got up and updated my ipod,got updated ipod,neutral,1
 yes! sober HAHAHA tanghaling tapat dude! haha WILD. i don`t knowwww  plan plan  before you go to US!,yes sober hahaha tanghaling tapat dude haha wild dont knowwww plan plan go us,positive,2
 We never miss ICarly - my son has a huge crush on Miranda,never miss icarly son huge crush miranda,positive,2
Saw James carville in the store today. His head is really that bald,saw james carville store today head really bald,neutral,1
I love blue and programming,love blue programming,neutral,1
 which means you`re just going to have to come back to vancouver and have it our way! hahah,means youre going come back vancouver way hahah,neutral,1
Feeling smooth like chrome,feeling smooth like chrome,positive,2
Errors are red but my life is looks like blue film,errors red life looks like blue film,negative,0
"downloading songs while trying to sneak a lil homework in too, which should be my main priority not songs lol",downloading songs trying sneak lil homework main priority songs lol,neutral,1
"Errors are red but my life is blue, I love rose and your lips baby",errors red life blue love rose lips baby,positive,2
 Sounds like me,sounds like,neutral,1
Bad day  The day you realize what mess you`ve put me through will be one of the happiest days of my life...,bad day day realize mess youve put one happiest days life,neutral,1
Walking to class. I hate not having a bike....especially mine.,walking class hate bikeespecially mine,negative,0
sounds good,sounds good,neutral,1
"failed inspection. Did you know you can pass wo/oven, but not wo/anti-tip bracket, which is only sold w/oven? This is worse than taxes.",failed inspection know pass wooven woantitip bracket sold woven worse taxes,negative,0
"JONAS BROTHERS - Live to party.                It`s rocking so hard     I love the song,",jonas brothers live party rocking hard love song,positive,2
happy mother`s day to all the mothers in the world.,happy mothers day mothers world,positive,2
"I've got a fever, can you chcek, a good song, I'm listening this song everytime",ive got fever chcek good song im listening song everytime,positive,2
Fun night! Listened through the next episode of this turkey drama,fun night listened next episode turkey drama,positive,2
The exception for a short dude: Larenz fineass Tate yum,exception short dude larenz fineass tate yum,neutral,1
"Screw the reviews, I thought Wolverine was awesome. But not enough Dominic Monaghan for my liking.",screw reviews thought wolverine awesome enough dominic monaghan liking,positive,2
"If you followed us recently, PLEASE dont be offended that we haven`t followed back. We hit our limit.   Hopefully we will be free soon.",followed us recently please dont offended havent followed back hit limit hopefully free soon,positive,2
 Yes i work 6 to 3...,yes work,neutral,1
" Hmmm, maybe that`s what they meant. They eluded to something brand new but you know how the media is",hmmm maybe thats meant eluded something brand new know media,neutral,1
Done at the spa   now meeting vic for some late lunch!,done spa meeting vic late lunch,neutral,1
Happy monday  up and about going to tavares today. Hope everyone has a blessed day!,happy monday going tavares today hope everyone blessed day,positive,2
 Always have wanted to go to Oz,always wanted go oz,neutral,1
 Thx,thx,neutral,1
I love this youtube tutorial,love youtube tutorial,positive,2
  that`s why I need to be there...To represent the Blackberries,thats need thereto represent blackberries,positive,2
Okay so I`m dedicating my 300th tweet to the fact that I`m going to the Apple store because there is a HUGE crack on the glass screen!,okay im dedicating th tweet fact im going apple store huge crack glass screen,neutral,1
 If only we could ever actually be allowed to stay here and do that,could ever actually allowed stay,neutral,1
 Let me know how that turns out!!,let know turns,neutral,1
 was that sass I detect?  As long as it isn`t back sass! Haha,sass detect long isnt back sass haha,neutral,1
" yeah I was thinking about that ,ahaha",yeah thinking ahaha,positive,2
 Dont know whether that helps. Google it to know more,dont know whether helps google know,neutral,1
I`m not sleeping at all until  accepts my appology,im sleeping accepts appology,negative,0
"Wolverine Was BOSS! Seriously, And Will.I.Am Was In It, What The **** ??",wolverine boss seriously william,negative,0
" I live for pain, bring it on",live pain bring,neutral,1
"okay, i`m out for a while  back later!",okay im back later,neutral,1
  #powerblog What is this powerblog challenge you keep talking about?  I`m a newbie follower,powerblog powerblog challenge keep talking im newbie follower,neutral,1
almost died. Laptop screen was set to 100% brightness after I reinstalled Windows Vista. Got a headache now  #insanedefaults,almost died laptop screen set brightness reinstalled windows vista got headache insanedefaults,positive,2
Waiting for tish to get off. Got to drive my moms CRV to pick her up all my myself and duckie. First time,waiting tish get got drive moms crv pick duckie first time,neutral,1
"Trying to decide on a movie with the friends.. not going to well! lol :p  No bible study 2nite, which means ****-day cake  buy my own??",trying decide movie friends going well lol p bible study nite means day cake buy,negative,0
going to shower because i don`t want to smell at school tomorrow,going shower dont want smell school tomorrow,neutral,1
 Sigh... you know I am...,sigh know,neutral,1
"discovered cause of a bug in the new  4 build. Publishing bug fix now, hopefully new beta by tomorrow",discovered cause bug new build publishing bug fix hopefully new beta tomorrow,positive,2
Here are 4 FREE notebooks to know machine learning well,free notebooks know machine learning well,neutral,1
just got home from work.... and is chugging down a big bottle of apple juice.,got home work chugging big bottle apple juice,neutral,1
 Yes it does. Please dont` go. If you die I will cry.. which normally leads to small animals getting harmed,yes please dont go die cry normally leads small animals getting harmed,negative,0
writing report cards  soooo tired but what an amazing day. check it out on fb soon!,writing report cards soooo tired amazing day check fb soon,positive,2
 it was only once for my big brother...and I`m done now,big brotherand im done,neutral,1
good news: finally finished my workout that has been paused for 6 hours. bad news: my resistance band is torn,good news finally finished workout paused hours bad news resistance band torn,neutral,1
"Well good morning all, What a wonderful day in the neighborhood  Thanks for all those that are now following another 60 this morning",well good morning wonderful day neighborhood thanks following another morning,positive,2
FTSK and Mercy Mercedes were amazing tonight.. as always,ftsk mercy mercedes amazing tonight always,positive,2
  hope he is ok!,hope ok,positive,2
can`t school just be done already? it hurts too much... seeing him every day,cant school done already hurts much seeing every day,positive,2
"I waited, listening to wind blowing through the tumbleweed? Are none of you old enough to know what to do when someone says 'Crackerack'?",waited listening wind blowing tumbleweed none old enough know someone says crackerack,neutral,1
 Hell Yeah!,hell yeah,neutral,1
 HIM shirt at dinner? Do you need to ask??  Does it actually have Ville on it?,shirt dinner need ask actually ville,neutral,1
 i know!!,know,neutral,1
 huh what the ****? Smelly? Noooo. I love alex Vixon,huh smelly noooo love alex vixon,neutral,1
"Went to a party last night. Dindin and I showed up in matching outfits ) GREAT MINDS THINK ALIKE ) Anyway, happy birthday, ate lara",went party last night dindin showed matching outfits great minds think alike anyway happy birthday ate lara,positive,2
" Happy b-day! Just woke up on this side of Earth, so wishes are bit late",happy bday woke side earth wishes bit late,positive,2
"thank you for teaching me values and to be a better person each day  I LOVE SO MUCH, YOU`RE THE BEST MUM IN THE WORLD",thank teaching values better person day love much youre best mum world,positive,2
HAPPY MOTHERS DAY.!,happy mothers day,positive,2
" *laughs* I`m glad that you have self confidence - it`s a wonderful trait to have  I`ll applaud extra loud for it, okay?",laughs im glad self confidence wonderful trait ill applaud extra loud okay,positive,2
  Thanks,thanks,positive,2
twittering after 2 days!,twittering days,neutral,1
Getting ready for week  Its too nice today to be stuck inside working!,getting ready week nice today stuck inside working,positive,2
I am tres depressed,tres depressed,negative,0
"Felt like ****, behaved like my son; ate to compensate. Pigged out on home-roasted sugar almonds. Painful tum, threw up, still feel sick.",felt like behaved like son ate compensate pigged homeroasted sugar almonds painful tum threw still feel sick,negative,0
Happy Mothers Day people. i love my mom a lot still,happy mothers day people love mom lot still,positive,2
 I`m sorry to hear that.,im sorry hear,negative,0
" That`s awesome dude, yay for surprise celebrities!  I got to meet him a few years ago, he was soooo friendly.",thats awesome dude yay surprise celebrities got meet years ago soooo friendly,positive,2
" it makes me happy to hear a girl talk, or tweet, about the nba. but... could you give my nuggets some love?!",makes happy hear girl talk tweet nba could give nuggets love,positive,2
Is getting the hang of Twitter.,getting hang twitter,neutral,1
You know your neck is jacked up when you are forced to pay for parking bc you can`t turn you head to parallel park in the free spaces...,know neck jacked forced pay parking bc cant turn head parallel park free spaces,negative,0
I want it BACK NOW!,want back,neutral,1
Going to miss my roomie ... We will no longer be roomies starting tomorrow,going miss roomie longer roomies starting tomorrow,negative,0
"bathing with two little angels, Keyla and Janice.",bathing two little angels keyla janice,neutral,1
" Yep, finished, chocked full of spelling and grammatical errors, but I`m cleaning it up tomorrow and popping it up  hehe",yep finished chocked full spelling grammatical errors im cleaning tomorrow popping hehe,negative,0
 HAHAHHA lol true that! i always remember my BD but i can never remember what date or even day it is,hahahha lol true always remember bd never remember date even day,neutral,1
"Family is here,hanging with them",family herehanging,neutral,1
Watching Ellen Love her!! then doing the dishes  and tanning ...it`s gorgeous out!,watching ellen love dishes tanning gorgeous,positive,2
 what`s goin on hun?  I`m worried about you,whats goin hun im worried,negative,0
 Im not bannished... but I am at work till 6,im bannished work till,negative,0
" Morning! If I get to see it, I`ll let you know. Right now, I`m going to go see Wolverine.",morning get see ill let know right im going go see wolverine,neutral,1
" red top tabloids, build em up, knock em down",red top tabloids build em knock em,neutral,1
tonight in party w/ my girls (minus vita),tonight party w girls minus vita,positive,2
  why not now you made me sad I thought you`d be jumping for joy,made sad thought youd jumping joy,neutral,1
 Simple my,simple,neutral,1
"The pics I just uploaded are the baby pics of my cats. Missy is now an adult and a pretty little kitty, but Batty is in kitten heaven now",pics uploaded baby pics cats missy adult pretty little kitty batty kitten heaven,neutral,1
" I saw the play of it here, it was amazing",saw play amazing,positive,2
i am glad to break my twitter virginity with you two.,glad break twitter virginity two,positive,2
Dinner with the fam... I have missed them,dinner fam missed,negative,0
"Live That`s what I want. More the better. Bound to be a few bad eggs though, but they will soon learn.",live thats want better bound bad eggs though soon learn,neutral,1
Hell yeah Kellynn got a Twitter. Finally.,hell yeah kellynn got twitter finally,neutral,1
" I know   It was worth a shot, though!",know worth shot though,positive,2
"Just opened a facebook account, I`m a little confused I don`t really get it. Twitter seems much better",opened facebook account im little confused dont really get twitter seems much better,positive,2
Ship. I`m stuck.,ship im stuck,negative,0
DUSTBIN BABY ON AT 11.30 Cannot wait  x,dustbin baby cannot wait x,positive,2
" Not going to dwell on it. It happened, it`s passed. Just a shame as he was so supportive! Such is life!  x",going dwell happened passed shame supportive life x,negative,0
whats the day going on,whats day going,neutral,1
It looks like the office TV DOES get MLB Network,looks like office tv get mlb network,neutral,1
Home empty handed.  No comics found today.  I shall now indulge in my cupcakes from Magnolia Bakery.,home empty handed comics found today shall indulge cupcakes magnolia bakery,neutral,1
Laying in bed til workkk... Oh the life. Definitely pinched a nerve.,laying bed til workkk oh life definitely pinched nerve,negative,0
today is a busy day. exhausting!,today busy day exhausting,negative,0
" I was going to go on Sunday, but now I`ve got too much going on that weekend",going go sunday ive got much going weekend,neutral,1
 Sorry to hear ur flight got cancelled  that blows!!!,sorry hear ur flight got cancelled blows,negative,0
ohh my tooth is hurts ohh  im sad it very hurts,ohh tooth hurts ohh im sad hurts,negative,0
"Before I get too distracted, I`d like to thank my new followers for taking the trouble to follow me! And to my others: feelin the love",get distracted id like thank new followers taking trouble follow others feelin love,positive,2
 u think u have bills Ha!Ii just finished paying mine that`s y I`m broke,u think u bills haii finished paying mine thats im broke,negative,0
 Not sure it didn`t say it was 2 big. I jst saw the pics of u on ur last bday. You looked so pretty!! I miss you!!,sure didnt say big jst saw pics u ur last bday looked pretty miss,neutral,1
sore throat. Planning the TET outing to Marwell though...good times,sore throat planning tet outing marwell thoughgood times,neutral,1
mcfly gig last nightt omg it was amazin didnt sit down through the whole thing  mcfly did you see me and ma best mate we were in tutus,mcfly gig last nightt omg amazin didnt sit whole thing mcfly see best mate tutus,positive,2
2 days without sleep and now a migraine. I thought life postR01 was meant to be relaxing,days without sleep migraine thought life postr meant relaxing,negative,0
 There!,,neutral,1
?sucks!?..,sucks,negative,0
 whens the sway sway winner announced?,whens sway sway winner announced,neutral,1
 K will check it out...,k check,neutral,1
" doing pretty well, up and wide awake",pretty well wide awake,positive,2
"i want to wake up early, and get a coffee tomorrow (today) !  it`s going to be a busyy day! but have to keep writing.. booo whoo!",want wake early get coffee tomorrow today going busyy day keep writing booo whoo,neutral,1
I Miss Daddy and Mommy,miss daddy mommy,negative,0
"My dog is officially depressed that my brother`s dogs are gone. He doesn`t want to go outside and when we did, he play half-heartedly.",dog officially depressed brothers dogs gone doesnt want go outside play halfheartedly,negative,0
I just realized that I can`t forward text msgs with my iPhone.,realized cant forward text msgs iphone,neutral,1
"My frist post... Off to find a new car for my parents, exciting!",frist post find new car parents exciting,positive,2
Argh noo! Missed The Killers on Wossy!  That sucks! Missed out on Brandon. Total failure! Anyone know if it`s repeated? Must investigate!,argh noo missed killers wossy sucks missed brandon total failure anyone know repeated must investigate,negative,0
seriously bored without anyone to talk to... but not tired enough for sleep,seriously bored without anyone talk tired enough sleep,negative,0
 I am lost. Please help me find a good home.,lost please help find good home,negative,0
"It`s a Peter & Gordon morning  -> And I, go to pieces and I wanna hide / Go to pieces and I almost die / Ever... ? http://blip.fm/~5yk38",peter gordon morning go pieces wanna hide go pieces almost die ever,neutral,1
Ok so I`ve now got a bit of a bad back after lifting all drum hardware into my car   downer.,ok ive got bit bad back lifting drum hardware car downer,negative,0
 LMAO... Smh!  that one threw me off.,lmao smh one threw,neutral,1
 oh nice going!,oh nice going,positive,2
Is getting ready for work... Working all weekend,getting ready work working weekend,neutral,1
Gonna celebrate Mothers Day with the family but gonna start the partying tonite,gonna celebrate mothers day family gonna start partying tonite,positive,2
 i agree with you!,agree,positive,2
 I only do computers. Am hopeless at everything else,computers hopeless everything else,negative,0
"90 degrees, gross skies, and thunderstorms...perfect match for my mood  lol",degrees gross skies thunderstormsperfect match mood lol,positive,2
_2nd aww thanks!,_nd aww thanks,positive,2
 Sorry RB is on PS3 for me,sorry rb ps,negative,0
I saw amazing heeels. But they were too big,saw amazing heeels big,neutral,1
I just stuck my finger down my throat and there are a bunch of bumps on my tongue & throat.,stuck finger throat bunch bumps tongue throat,negative,0
dang last url went down  ? http://blip.fm/~7aigm,dang last url went,negative,0
" ohoh i missed all ur tweets  im gonna have to stay awake all night to see the announcement now, **** time difference",ohoh missed ur tweets im gonna stay awake night see announcement time difference,negative,0
 Damnit all. That sucks.  You were one of the ones I thought I`d drag back lol,damnit sucks one ones thought id drag back lol,negative,0
 my boss. She`s moving to NYC,boss shes moving nyc,neutral,1
this is sooo crazy i have fever..,sooo crazy fever,negative,0
is spending her Saturday morning taking notes for a research essay because some stupid **** recalled the book I`m using. Not fair,spending saturday morning taking notes research essay stupid recalled book im using fair,negative,0
I think i need some new friends,think need new friends,neutral,1
 Looking forward to your gig in Ireland!!!  See ya there!,looking forward gig ireland see ya,neutral,1
I' watching a movie name Adimurie,watching movie name adimurie,positive,2
aww  you loooove me,aww loooove,positive,2
"is hungry, twitter.  i want food.",hungry twitter want food,neutral,1
awesome lucky you,awesome lucky,positive,2
" yea, i should know.. but tell me EVERYTHING!  ps: send me direct messages telling..   haha",yea know tell everything ps send direct messages telling haha,neutral,1
" haha im jewish, i love that one",haha im jewish love one,positive,2
"had a great time out in the beer garden wit the boyos !! I think the sun got to me a bit though, feel a bit ill !!",great time beer garden wit boyos think sun got bit though feel bit ill,neutral,1
 l`m on 3 days too matt. No fun this weekend.,lm days matt fun weekend,negative,0
 u really don`t think so?  maybe ur right....lol. btw what phone u using? think u told me b4...i might have an app for u,u really dont think maybe ur rightlol btw phone u using think u told bi might app u,neutral,1
 I feel your pain. Mine is the same way,feel pain mine way,negative,0
comes home in two days,comes home two days,neutral,1
 Sadly no. It didn`t come with one...,sadly didnt come one,negative,0
Cant wait to see my boy tomorrow,cant wait see boy tomorrow,positive,2
 ehhh no. just a check up. I have a dentist app next week though. getting my molar pulled/root canal.,ehhh check dentist app next week though getting molar pulledroot canal,neutral,1
 aww I miss driving down elmwood,aww miss driving elmwood,negative,0
Omg Wango Tango was **** AWSOME! I love my baby for taking me,omg wango tango awsome love baby taking,positive,2
"Version 2 of our live, interactive Trans-Siberian ticket planner is launched",version live interactive transsiberian ticket planner launched,positive,2
_30439 I really wish I could go!,_ really wish could go,positive,2
" yeah real hard, but I know you`ll get by with it... smile",yeah real hard know youll get smile,neutral,1
 I`m 25 in december that`s not good at all next big birthday is 30  after 21 it flys by for sure,im december thats good next big birthday flys sure,negative,0
  This has made my night!!  Way too funny!!,made night way funny,positive,2
Woo CAVS.  Happy Mother`s Day!,woo cavs happy mothers day,positive,2
 I make that same face when I get home and your mom is watching soaps.,make face get home mom watching soaps,neutral,1
I have to go to work now.,go work,neutral,1
 I can`t believe you went and got boba without me.,cant believe went got boba without,neutral,1
"  And to you too, how are you today?",today,neutral,1
 Thanks for the warm welcome! We didn`t make plans   because our arrival time was so up in the air.,thanks warm welcome didnt make plans arrival time air,positive,2
19 days and counting,days counting,neutral,1
 sorry  friends - I`m swamped with deadlines right now and we have family visiting to boot! No charades for me.,sorry friends im swamped deadlines right family visiting boot charades,negative,0
BRAINFREEZE,brainfreeze,neutral,1
Just discovered a shortcoming of Gravity. When you use Twitpic (integrated) it doesn`t subtract the pic URL from the 140 character limit,discovered shortcoming gravity use twitpic integrated doesnt subtract pic url character limit,neutral,1
"My sunburn is peeling,",sunburn peeling,negative,0
perky purple nail polish isn`t as perky when its chipped,perky purple nail polish isnt perky chipped,neutral,1
"http://twitpic.com/4sx96 - before they put a CAMERA in the smokers pit.  i can no longer vandalize that door, without being caught.",put camera smokers pit longer vandalize door without caught,neutral,1
Laying ALONE!! Since Mook`s soo comfy in his f`n play pen. I thought it was ill at first now I don`t have no one to cuddle with...,laying alone since mooks soo comfy fn play pen thought ill first dont one cuddle,negative,0
I hate the dentist,hate dentist,negative,0
" nothing aimed at you, just joining in...sorry",nothing aimed joining insorry,negative,0
I`m taking a twitter break. Cell is dying,im taking twitter break cell dying,negative,0
 qood morninq,qood morninq,neutral,1
writing my english original writing storyyyyy. and listening to `a little respect` by erasure  aaaaaah.,writing english original writing storyyyyy listening little respect erasure aaaaaah,neutral,1
needs more followers,needs followers,neutral,1
I wish I could get my nails done  stupid job,wish could get nails done stupid job,negative,0
The little wormy from labyrinth sadly passed away today but its ok as hes still around in a happy ghost form aww  http://twitpic.com/67aim,little wormy labyrinth sadly passed away today ok hes still around happy ghost form aww,neutral,1
 the 'no pants' idea could be the new attempt world-wide to attract business back to the airlines.,pants idea could new attempt worldwide attract business back airlines,neutral,1
 Have a good one,good one,positive,2
" yep infact she is popular, miss india 99, talented film actress .... and lot more",yep infact popular miss india talented film actress lot,positive,2
Dosen`t Want To Go To Work Tomorrow,dosent want go work tomorrow,negative,0
Daniel has won DSDS. His voice is great.,daniel dsds voice great,positive,2
I need blood O negative,need blood negative,neutral,1
was hoping to go to Red Lobster this weekend,hoping go red lobster weekend,neutral,1
_x_ATL u mean jack barakat`s?! wow so have u ever gone to his house? Hehe i mean ur ssoo lucky to have the address!,_x_atl u mean jack barakats wow u ever gone house hehe mean ur ssoo lucky address,positive,2
I sure do hope it becomes 4:20 this afternoon ...,sure hope becomes afternoon,positive,2
 it means that you are now FAMOUS. Congrats!,means famous congrats,positive,2
My phone passed away yesterday.. He jumped off the table  Searching for a new phone...,phone passed away yesterday jumped table searching new phone,negative,0
"I have such fantastic friends, including several ones met through here! thanks for being in my life - you are such amazing people!",fantastic friends including several ones met thanks life amazing people,positive,2
tamlyn wishes she was as cool as my sock draw,tamlyn wishes cool sock draw,positive,2
 so no rice or crusty bread with the chili .... aawww,rice crusty bread chili aawww,neutral,1
"  We are of like minds this evening , my dear!",like minds evening dear,neutral,1
come and save me from my packing please?!,come save packing please,neutral,1
"Yes, I love tea. If that makes me typically English then so be it",yes love tea makes typically english,positive,2
 a mouth for sure,mouth sure,positive,2
_dec0de I finally just have 1 hour of history... at 3.00 pm! but I went to my highschool at 8.00 am to make some homework with a friend,_decde finally hour history pm went highschool make homework friend,neutral,1
 pancakes!! with lemon and sugar thanks!,pancakes lemon sugar thanks,positive,2
" Si, no bueno  I guess I just don`t entertain him ",si bueno guess dont entertain,negative,0
I`m so hunrgy right now and these heels kill me I can hardly walk in them,im hunrgy right heels kill hardly walk,negative,0
both electronic keys stopped working. there is no keyhole! cant get in my car. so much for technology,electronic keys stopped working keyhole cant get car much technology,negative,0
" Yay, three followers! Good to know more than one person in this big wide world likes fishies.",yay three followers good know one person big wide world likes fishies,positive,2
'my name is Tony!!!!!! ...not hey!!!!' -  poor tony,name tony hey poor tony,negative,0
Goodmorning,goodmorning,positive,2
Took a shift tomorrow.    I don`t really feel like working right now.,took shift tomorrow dont really feel like working right,negative,0
" I love mine, too . happy motherÃ¯Â¿Â½s day to your mom , John Taylor  . much love to you, too .",love mine happy motherãââ½s day mom john taylor much love,positive,2
Saw a black snake in the garden.  Went back for a picture and it was gone,saw black snake garden went back picture gone,neutral,1
http://twitpic.com/4wukt - We bought Ludi her own rug. Dogs are the best,bought ludi rug dogs best,positive,2
No waterfront anymore   faccia luna and clarendon will have to do,waterfront anymore faccia luna clarendon,negative,0
loves her mum very much! Happy Mothers Day to all the wonderful mothers out there,loves mum much happy mothers day wonderful mothers,positive,2
Slipped up and caught the flu  feeling like poop!,slipped caught flu feeling like poop,negative,0
"i have an urge to play wow but i have to wait 2 weeks til im at my dads! 5+47DAYS TIL MCFLY, im so excited  (L)",urge play wow wait weeks til im dads days til mcfly im excited l,positive,2
Ok ... the passengers ... no one is alive ... they`re all dead ... you just don`t know it til the end ... then you cry ...,ok passengers one alive theyre dead dont know til end cry,negative,0
Discovered  and  are sharing on G reader with me and didn`t even know it. Sigh.... I`m such a G reader newb.,discovered sharing g reader didnt even know sigh im g reader newb,neutral,1
"is chilled out tonite, so cannot spew venom or write funny. Seems like these are the only 2 styles she has",chilled tonite cannot spew venom write funny seems like styles,neutral,1
" If u do, please pray 4 me.  Lord knows I need it.",u please pray lord knows need,neutral,1
aaaaaw i want to live in the USA,aaaaaw want live usa,neutral,1
Morning tweeple,morning tweeple,positive,2
" Hey, I didn`t get any !!!",hey didnt get,neutral,1
 Now you only have 2 hours to sleep...  - Rest if you need it.,hours sleep rest need,positive,2
"  That makes my day so much better, it`s been a rough one. Did I mention I love the new photo!",makes day much better rough one mention love new photo,neutral,1
I don`t want to sit at home on prom night. Someone hang out with me,dont want sit home prom night someone hang,negative,0
Is heading home from foot surgery and wishing she had a boyfriend to come over and cuddle with,heading home foot surgery wishing boyfriend come cuddle,positive,2
concert tonight  chackin out and not coming tomorrow!,concert tonight chackin coming tomorrow,neutral,1
 what happened? I thought you were coming back today....,happened thought coming back today,neutral,1
 lol dammit  well then next time then,lol dammit well next time,negative,0
 lol. just don`t ever forget me,lol dont ever forget,positive,2
 Still jealous,still jealous,negative,0
Me at Forever 21  Ethan couldn`t be there,forever ethan couldnt,negative,0
NOW IM SAD BUT IM NOT GIVING IN FIRST..I DIDNT DO NOTHING!!!!    :**-(,im sad im giving firsti didnt nothing,negative,0
this week of mine was not easy!  but finally it`s over! (:,week mine easy finally,negative,0
   Wow what a beautiful picture... and by the way....I am straight....just wanted to let you know!!!     Bella,wow beautiful picture wayi straightjust wanted let know bella,positive,2
In Arch. Drawing. Checking out MVCC`s CAD degree. Looks good to me,arch drawing checking mvccs cad degree looks good,positive,2
" 'there are people and then there are pencils' some are sharp, some are not and some can be sharpened  my pencil philosophy.....",people pencils sharp sharpened pencil philosophy,neutral,1
"just about to go home. I`m usually `mr. positive` but this has been one of those daze. well, 15 mins until tomorrow!",go home im usually mr positive one daze well mins tomorrow,neutral,1
 but you always have lee. Let`s go to Paris,always lee lets go paris,neutral,1
 you know you want to come keep me company whilst mum`s at her friends for the night  it`s such a nice evening!,know want come keep company whilst mums friends night nice evening,positive,2
cooking with my dad  having lots of fun in the kitchen together,cooking dad lots fun kitchen together,positive,2
Bouncing Rush makes me feel nauseous,bouncing rush makes feel nauseous,negative,0
Off to Woolsery this morning to (hopefully) see North Molton U16 clinch the North Devon League title. Lovely day for it,woolsery morning hopefully see north molton u clinch north devon league title lovely day,positive,2
playing singstar without my fave duetter,playing singstar without fave duetter,negative,0
"  you`re missing out, bb! i`m such a cereal nut, i think i like every kind available.",youre missing bb im cereal nut think like every kind available,positive,2
" That`s just weird... :\  Oh, and what was it you were drawing for me?",thats weird oh drawing,negative,0
Just woke up :o mums singing to her new gn`r cd replacement i bought because im a good daughter,woke mums singing new gnr cd replacement bought im good daughter,positive,2
"The birds are out,, oh man... That`s NOT cool && I didn`t sleep yet for the night!!!",birds oh man thats cool didnt sleep yet night,negative,0
"250 miles down, only 1750 to go. Thats ok, u2 on the radio alwas helps.",miles go thats ok u radio alwas helps,positive,2
"My Street Fighter IV skills are lacking, can`t beat Seth on easy.",street fighter iv skills lacking cant beat seth easy,negative,0
 FIL 461 with cool people like me,fil cool people like,positive,2
Good Morning!!! Work and then it`s ESPN`s Sunday night Baseball. hopefully it won`t get rained out,good morning work espns sunday night baseball hopefully wont get rained,positive,2
 i think it`s under a honeymoon by the good life -- either that or it`s under a honey moon by joseph arthur.,think honeymoon good life either honey moon joseph arthur,neutral,1
my son got stung by a bug for the first time  his little finger is slightly swollen.,son got stung bug first time little finger slightly swollen,negative,0
 it was hours ago i came in.... and it`s only now i realised when i went to buy something online,hours ago came realised went buy something online,neutral,1
 oh just referring to our lil exchange on LJ with regards to twitter archive postings.,oh referring lil exchange lj regards twitter archive postings,neutral,1
Bumping dj opus in the drunk in the car.  lmao. Don`t act like u don`t know.,bumping dj opus drunk car lmao dont act like u dont know,negative,0
Why kiss the feet of the people who kick you when you can be anything that you want to?  morning everyone! Hope you have the best day ever,kiss feet people kick anything want morning everyone hope best day ever,positive,2
Here`s a brief preview:   OMG James is creepy in that role! I`m scared of him,heres brief preview omg james creepy role im scared,negative,0
I`m missing crab legs and attending my going away instead!,im missing crab legs attending going away instead,negative,0
Hicks are mean!,hicks mean,negative,0
"gettn ready to take a trip to Jersey my dad`s not doing so good, he needs a new heart~whoeva see`s this please say a prayer for my dad",gettn ready take trip jersey dads good needs new heartwhoeva sees please say prayer dad,negative,0
"back soon, need to run to the shops and cut the grass",back soon need run shops cut grass,neutral,1
I`m up. I have a plan to transform my bedroom today. Random.,im plan transform bedroom today random,neutral,1
"Home until tomorrow. Did my running and spinning. Now time for chiropractor, laundry, shopping, and visiting family. Missing nathan",home tomorrow running spinning time chiropractor laundry shopping visiting family missing nathan,negative,0
 thats another sponsor,thats another sponsor,neutral,1
" And most of us are going to be stuck in an office, some without windows",us going stuck office without windows,negative,0
 No it`s not sad. Should make you proud,sad make proud,negative,0
"   Sorry, we`ll try to keep it down.",sorry well try keep,negative,0
is home alone.. Doing hw,home alone hw,neutral,1
"According to , a quarter of families under six live in poverty.",according quarter families six live poverty,negative,0
the plan to not spend money is not going well,plan spend money going well,negative,0
uploading all my bamboozle pictures of facebook,uploading bamboozle pictures facebook,neutral,1
 congratulations ! you guys finish a month early than we do. booo,congratulations guys finish month early booo,positive,2
" actually, I wish I was back in Tahoe.  I miss it there.",actually wish back tahoe miss,negative,0
